County Name,Most Recent Date,Total Count Confirmed,Total Count Deaths,COVID-19 Positive Patients,Suspected COVID-19 Positive Patients,ICU COVID-19 Positive Patients,ICU COVID-19 Suspected Patients
Los Angeles,4/1/2020,3502,66,739,1332,335,220
San Bernardino,4/1/2020,245,5,95,196,39,52
Orange,4/1/2020,579,11,117,221,50,48
Riverside,4/1/2020,306,11,85,182,29,47
Sacramento,4/1/2020,299,8,53,138,20,33
San Diego,4/1/2020,851,11,168,340,71,32
Ventura,4/1/2020,154,5,22,96,5,23
Santa Clara,4/1/2020,805,33,160,85,77,15
Alameda,4/1/2020,287,8,52,76,27,15
Fresno,4/1/2020,75,0,19,101,5,13
Contra Costa,4/1/2020,267,3,31,42,12,12
San Joaquin,4/1/2020,132,8,25,35,16,11
San Mateo,4/1/2020,354,13,57,35,19,9
Kern,4/1/2020,53,0,15,45,7,9
San Francisco,4/1/2020,432,6,67,66,30,8
Santa Barbara,4/1/2020,103,0,23,23,15,6
Stanislaus,4/1/2020,29,0,25,39,10,6
San Luis Obispo,4/1/2020,69,0,8,10,5,6
Monterey,4/1/2020,47,2,13,16,4,4
Imperial,4/1/2020,25,0,4,15,3,4
Tulare,4/1/2020,43,1,4,12,3,4
Butte,4/1/2020,6,0,5,33,2,4
Yuba,4/1/2020,5,0,2,24,2,4
Nevada,4/1/2020,15,0,36,54,0,4
El Dorado,4/1/2020,14,0,14,8,1,3
Merced,4/1/2020,7,0,3,15,0,3
Humboldt,4/1/2020,19,0,1,9,0,3
Placer,4/1/2020,52,2,25,28,6,2
Solano,4/1/2020,57,0,14,18,5,2
Marin,4/1/2020,87,1,9,19,4,2
Santa Cruz,4/1/2020,44,1,2,12,2,2
Sonoma,4/1/2020,60,1,5,18,1,2
Kings,4/1/2020,3,0,2,6,1,2
Siskiyou,4/1/2020,3,0,0,5,0,2
Yolo,4/1/2020,22,1,3,3,1,1
Shasta,4/1/2020,5,1,1,4,0,1
Napa,4/1/2020,11,0,2,2,0,1
Colusa,4/1/2020,1,0,0,1,0,1
Tehama,4/1/2020,0,0,0,1,0,1
San Benito,4/1/2020,14,1,2,0,2,0
Madera,4/1/2020,17,1,1,3,1,0
Inyo,4/1/2020,8,0,7,89,0,0
Lassen,4/1/2020,0,0,0,7,0,0
Del Norte,4/1/2020,0,0,0,5,0,0
Amador,4/1/2020,1,0,0,3,0,0
Mendocino,4/1/2020,4,0,0,2,0,0
Lake,4/1/2020,0,0,0,2,0,0
Calaveras,4/1/2020,3,0,0,1,0,0
Mono,4/1/2020,12,1,0,0,0,0
Sutter,4/1/2020,9,1,0,0,0,0
Plumas,4/1/2020,1,0,0,0,0,0
Tuolumne,4/1/2020,1,0,0,0,0,0
Mariposa,4/1/2020,0,0,0,0,0,0
Trinity,4/1/2020,0,0,0,0,0,0
Unassigned,4/1/2020,50,1,,,,
Glenn,4/1/2020,2,0,,,,
Alpine,4/1/2020,1,0,,,,
Sierra,4/1/2020,0,0,,,,
Modoc,4/1/2020,,,0,1,0,0
Alameda,4/2/2020,345,10,57,76,29,17
Alpine,4/2/2020,1,0,,,,
Amador,4/2/2020,2,0,0,3,0,0
Butte,4/2/2020,7,0,4,26,2,2
Calaveras,4/2/2020,3,0,0,1,0,0
Colusa,4/2/2020,1,0,0,1,0,1
Contra Costa,4/2/2020,297,3,32,38,13,10
Del Norte,4/2/2020,0,0,0,3,0,0
El Dorado,4/2/2020,16,0,15,12,0,6
Fresno,4/2/2020,92,0,17,74,6,13
Glenn,4/2/2020,2,0,0,0,0,0
Humboldt,4/2/2020,23,0,1,8,0,2
Imperial,4/2/2020,24,0,4,16,3,5
Inyo,4/2/2020,8,0,8,102,0,1
Kern,4/2/2020,74,0,27,77,12,23
Kings,4/2/2020,3,0,2,6,1,1
Lake,4/2/2020,0,0,0,1,0,0
Lassen,4/2/2020,0,0,0,7,0,0
Los Angeles,4/2/2020,4040,79,818,1270,346,193
Madera,4/2/2020,25,1,1,7,1,3
Marin,4/2/2020,102,1,7,16,3,1
Mariposa,4/2/2020,0,0,0,1,0,0
Mendocino,4/2/2020,4,0,0,1,0,0
Merced,4/2/2020,9,0,4,5,0,1
Mono,4/2/2020,16,1,18,2,0,0
Monterey,4/2/2020,50,2,14,14,4,2
Napa,4/2/2020,13,0,1,4,1,1
Nevada,4/2/2020,17,0,38,58,2,1
Orange,4/2/2020,640,12,129,225,67,47
Placer,4/2/2020,72,2,32,15,9,0
Plumas,4/2/2020,1,0,0,0,0,0
Riverside,4/2/2020,438,13,136,181,45,49
Sacramento,4/2/2020,322,9,71,92,24,19
San Benito,4/2/2020,18,1,2,0,2,0
San Bernardino,4/2/2020,335,8,126,185,50,45
San Diego,4/2/2020,968,16,144,343,69,35
San Francisco,4/2/2020,473,6,75,60,32,11
San Joaquin,4/2/2020,148,9,42,42,20,7
San Luis Obispo,4/2/2020,79,0,5,5,4,4
San Mateo,4/2/2020,423,13,62,40,26,4
Santa Barbara,4/2/2020,125,1,26,44,18,10
Santa Clara,4/2/2020,908,38,163,101,69,19
Santa Cruz,4/2/2020,49,1,4,4,3,0
Shasta,4/2/2020,7,1,2,4,1,0
Sierra,4/2/2020,0,0,,,,
Siskiyou,4/2/2020,3,0,0,3,0,2
Solano,4/2/2020,65,0,15,8,7,1
Sonoma,4/2/2020,76,1,8,18,1,0
Stanislaus,4/2/2020,40,0,30,43,11,7
Sutter,4/2/2020,10,1,0,0,,
Tehama,4/2/2020,1,0,0,1,0,1
Trinity,4/2/2020,0,0,0,0,0,0
Tulare,4/2/2020,64,1,4,26,4,5
Tuolumne,4/2/2020,1,0,0,0,0,0
Unassigned,4/2/2020,49,1,,,,
Ventura,4/2/2020,178,5,27,111,7,24
Yolo,4/2/2020,29,1,3,2,2,3
Yuba,4/2/2020,5,0,2,25,2,6
Alameda,4/3/2020,395,11,64,74,32,13
Alpine,4/3/2020,1,0,,,,
Amador,4/3/2020,2,0,0,0,0,0
Butte,4/3/2020,8,0,3,19,2,6
Calaveras,4/3/2020,3,0,0,1,0,0
Colusa,4/3/2020,1,0,1,0,1,0
Contra Costa,4/3/2020,327,5,31,39,15,10
Del Norte,4/3/2020,1,0,0,2,0,0
El Dorado,4/3/2020,16,0,15,9,0,4
Fresno,4/3/2020,98,1,15,81,7,16
Glenn,4/3/2020,2,0,0,0,0,0
Humboldt,4/3/2020,34,0,1,7,0,0
Imperial,4/3/2020,35,0,9,7,7,0
Inyo,4/3/2020,10,0,8,102,1,2
Kern,4/3/2020,87,1,35,73,12,16
Kings,4/3/2020,3,0,0,3,1,0
Lake,4/3/2020,0,0,0,2,0,1
Lassen,4/3/2020,0,0,0,3,0,0
Los Angeles,4/3/2020,4566,91,962,1239,422,209
Madera,4/3/2020,28,2,0,5,0,1
Marin,4/3/2020,106,6,6,16,3,5
Mariposa,4/3/2020,0,0,0,2,0,0
Mendocino,4/3/2020,4,0,0,5,0,1
Merced,4/3/2020,9,0,4,5,1,1
Modoc,4/3/2020,0,0,0,0,0,0
Mono,4/3/2020,18,1,18,2,0,0
Monterey,4/3/2020,58,2,16,18,3,1
Napa,4/3/2020,13,1,1,9,0,1
Nevada,4/3/2020,19,1,2,4,2,1
Orange,4/3/2020,713,13,131,182,66,36
Placer,4/3/2020,76,2,21,23,10,1
Plumas,4/3/2020,2,0,0,0,0,0
Riverside,4/3/2020,540,14,105,182,44,59
Sacramento,4/3/2020,363,11,77,76,28,17
San Benito,4/3/2020,22,1,2,0,2,0
San Bernardino,4/3/2020,356,11,118,204,44,53
San Diego,4/3/2020,1114,17,171,308,84,28
San Francisco,4/3/2020,506,6,80,71,39,8
San Joaquin,4/3/2020,162,10,41,38,18,8
San Luis Obispo,4/3/2020,82,0,4,5,3,2
San Mateo,4/3/2020,474,13,65,39,26,4
Santa Barbara,4/3/2020,154,1,27,29,18,4
Santa Clara,4/3/2020,983,39,164,83,71,17
Santa Cruz,4/3/2020,52,1,4,8,3,0
Shasta,4/3/2020,10,1,2,9,1,3
Sierra,4/3/2020,0,0,,,,
Siskiyou,4/3/2020,3,0,0,3,0,1
Solano,4/3/2020,72,1,16,21,7,5
Sonoma,4/3/2020,84,1,6,24,2,3
Stanislaus,4/3/2020,48,0,28,45,12,8
Sutter,4/3/2020,12,1,0,0,,
Tehama,4/3/2020,1,0,0,0,0,0
Trinity,4/3/2020,0,0,0,0,0,0
Tulare,4/3/2020,73,3,6,15,5,2
Tuolumne,4/3/2020,1,0,0,0,0,0
Unassigned,4/3/2020,54,1,,,,
Ventura,4/3/2020,186,6,22,116,6,28
Yolo,4/3/2020,33,1,2,7,3,6
Yuba,4/3/2020,6,0,2,12,2,2
Alameda,4/4/2020,468,12,60,95,35,18
Alpine,4/4/2020,1,0,,,,
Amador,4/4/2020,2,0,0,0,0,0
Butte,4/4/2020,10,0,3,14,1,4
Calaveras,4/4/2020,3,0,0,1,0,0
Colusa,4/4/2020,1,0,1,0,1,0
Contra Costa,4/4/2020,382,5,30,47,12,7
Del Norte,4/4/2020,1,0,0,2,0,0
El Dorado,4/4/2020,19,0,15,9,0,3
Fresno,4/4/2020,102,1,14,93,7,20
Glenn,4/4/2020,2,0,0,0,0,0
Humboldt,4/4/2020,29,0,1,4,0,0
Imperial,4/4/2020,42,1,9,10,5,2
Inyo,4/4/2020,10,0,8,106,1,1
Kern,4/4/2020,103,2,33,54,14,11
Kings,4/4/2020,3,0,1,9,1,0
Lake,4/4/2020,0,0,0,4,0,1
Lassen,4/4/2020,0,0,0,0,0,0
Los Angeles,4/4/2020,5275,117,1007,1190,449,181
Madera,4/4/2020,27,2,0,4,0,0
Marin,4/4/2020,111,6,5,16,3,5
Mariposa,4/4/2020,0,0,0,2,0,0
Mendocino,4/4/2020,4,0,0,3,0,1
Merced,4/4/2020,11,0,5,14,1,1
Modoc,4/4/2020,0,0,0,0,0,0
Mono,4/4/2020,18,1,20,2,0,0
Monterey,4/4/2020,61,2,16,25,4,2
Napa,4/4/2020,15,2,1,8,0,1
Nevada,4/4/2020,19,1,2,6,2,2
Orange,4/4/2020,781,15,143,213,70,45
Placer,4/4/2020,87,2,23,14,10,1
Plumas,4/4/2020,2,0,0,0,0,0
Riverside,4/4/2020,652,15,126,186,39,56
Sacramento,4/4/2020,393,11,69,76,25,18
San Benito,4/4/2020,22,1,2,3,2,0
San Bernardino,4/4/2020,373,13,138,254,51,66
San Diego,4/4/2020,1211,18,177,218,86,19
San Francisco,4/4/2020,537,6,80,65,37,7
San Joaquin,4/4/2020,171,10,43,30,16,7
San Luis Obispo,4/4/2020,82,0,4,6,3,3
San Mateo,4/4/2020,520,17,66,19,25,6
Santa Barbara,4/4/2020,167,1,28,34,18,2
Santa Clara,4/4/2020,1045,39,159,79,72,19
Santa Cruz,4/4/2020,56,1,4,6,3,0
Shasta,4/4/2020,11,2,2,10,4,0
Sierra,4/4/2020,0,0,,,,
Siskiyou,4/4/2020,3,0,0,2,0,1
Solano,4/4/2020,79,1,16,19,7,2
Sonoma,4/4/2020,88,1,7,16,2,6
Stanislaus,4/4/2020,51,0,30,45,12,9
Sutter,4/4/2020,14,1,0,0,,
Tehama,4/4/2020,1,0,0,1,0,0
Trinity,4/4/2020,0,0,0,0,0,0
Tulare,4/4/2020,79,4,8,20,5,1
Tuolumne,4/4/2020,1,0,0,1,0,1
Unassigned,4/4/2020,52,1,,,,
Ventura,4/4/2020,194,6,21,127,7,25
Yolo,4/4/2020,40,2,4,5,3,3
Yuba,4/4/2020,7,0,2,16,2,2
Alameda,4/5/2020,475,12,72,87,39,13
Alpine,4/5/2020,1,0,,,,
Amador,4/5/2020,2,0,0,0,0,0
Butte,4/5/2020,10,0,2,16,1,6
Calaveras,4/5/2020,3,0,0,0,0,0
Colusa,4/5/2020,1,0,1,0,1,0
Contra Costa,4/5/2020,415,6,29,35,15,10
Del Norte,4/5/2020,1,0,0,1,0,0
El Dorado,4/5/2020,19,0,16,6,0,3
Fresno,4/5/2020,102,1,16,81,8,15
Glenn,4/5/2020,2,0,0,0,0,0
Humboldt,4/5/2020,29,0,2,3,0,0
Imperial,4/5/2020,42,1,9,9,8,1
Inyo,4/5/2020,10,0,9,106,1,0
Kern,4/5/2020,109,2,23,27,12,4
Kings,4/5/2020,4,0,3,1,2,0
Lake,4/5/2020,0,0,0,4,0,2
Lassen,4/5/2020,0,0,0,0,0,0
Los Angeles,4/5/2020,5892,130,1094,1082,473,166
Madera,4/5/2020,27,2,0,1,0,0
Marin,4/5/2020,113,6,5,15,3,5
Mariposa,4/5/2020,0,0,0,2,0,0
Mendocino,4/5/2020,4,0,0,3,0,2
Merced,4/5/2020,16,0,15,10,1,3
Modoc,4/5/2020,0,0,0,0,0,0
Mono,4/5/2020,18,1,20,2,0,0
Monterey,4/5/2020,61,2,16,15,4,0
Napa,4/5/2020,15,2,1,8,0,1
Nevada,4/5/2020,19,1,2,4,2,1
Orange,4/5/2020,820,15,144,221,70,46
Placer,4/5/2020,86,3,23,13,10,1
Plumas,4/5/2020,2,0,0,0,0,0
Riverside,4/5/2020,669,17,129,207,47,60
Sacramento,4/5/2020,393,11,64,78,23,26
San Benito,4/5/2020,22,1,3,0,2,0
San Bernardino,4/5/2020,375,13,146,240,59,54
San Diego,4/5/2020,1328,19,179,220,89,31
San Francisco,4/5/2020,559,6,79,68,37,11
San Joaquin,4/5/2020,179,10,46,24,17,4
San Luis Obispo,4/5/2020,83,1,2,11,2,9
San Mateo,4/5/2020,528,19,69,15,24,6
Santa Barbara,4/5/2020,171,1,31,26,18,2
Santa Clara,4/5/2020,1052,42,166,69,68,18
Santa Cruz,4/5/2020,59,1,5,12,4,4
Shasta,4/5/2020,11,2,8,11,4,0
Sierra,4/5/2020,0,0,,,,
Siskiyou,4/5/2020,3,0,0,2,0,2
Solano,4/5/2020,78,1,15,17,6,24
Sonoma,4/5/2020,88,1,6,21,2,6
Stanislaus,4/5/2020,51,0,30,25,14,5
Sutter,4/5/2020,14,1,0,0,0,0
Tehama,4/5/2020,1,0,0,1,0,0
Trinity,4/5/2020,0,0,0,0,0,0
Tulare,4/5/2020,81,4,4,20,8,2
Tuolumne,4/5/2020,1,0,0,0,0,0
Unassigned,4/5/2020,52,1,,,,
Ventura,4/5/2020,196,6,21,128,7,28
Yolo,4/5/2020,37,2,3,6,3,3
Yuba,4/5/2020,7,0,1,14,1,1
Alameda,4/6/2020,527,13,79,70,43,19
Alpine,4/6/2020,1,0,,,,
Amador,4/6/2020,2,0,0,0,0,0
Butte,4/6/2020,11,0,1,15,1,5
Calaveras,4/6/2020,4,0,0,0,0,0
Colusa,4/6/2020,1,0,0,0,0,0
Contra Costa,4/6/2020,447,7,30,28,15,11
Del Norte,4/6/2020,2,0,0,3,0,0
El Dorado,4/6/2020,23,0,16,1,0,0
Fresno,4/6/2020,122,1,18,81,11,20
Glenn,4/6/2020,2,0,0,0,0,0
Humboldt,4/6/2020,37,0,3,12,0,3
Imperial,4/6/2020,47,1,9,14,7,2
Inyo,4/6/2020,11,0,9,114,1,0
Kern,4/6/2020,117,2,24,36,12,5
Kings,4/6/2020,3,0,3,3,2,0
Lake,4/6/2020,1,0,0,8,0,2
Lassen,4/6/2020,0,0,0,0,0,0
Los Angeles,4/6/2020,6346,145,1166,1070,486,175
Madera,4/6/2020,29,2,0,2,0,1
Marin,4/6/2020,119,7,8,8,4,4
Mariposa,4/6/2020,0,0,0,3,0,0
Mendocino,4/6/2020,4,0,0,2,0,2
Merced,4/6/2020,25,1,4,2,0,2
Modoc,4/6/2020,0,0,0,0,0,0
Mono,4/6/2020,18,1,20,2,0,0
Monterey,4/6/2020,62,2,16,15,5,1
Napa,4/6/2020,18,2,0,7,0,0
Nevada,4/6/2020,19,1,1,5,1,2
Orange,4/6/2020,910,17,145,171,73,33
Placer,4/6/2020,90,3,20,12,10,1
Plumas,4/6/2020,2,0,0,0,0,0
Riverside,4/6/2020,854,17,129,193,46,65
Sacramento,4/6/2020,448,15,77,78,26,19
San Benito,4/6/2020,25,1,3,3,2,0
San Bernardino,4/6/2020,550,13,148,185,60,43
San Diego,4/6/2020,1406,19,187,224,83,25
San Francisco,4/6/2020,586,6,80,71,34,9
San Joaquin,4/6/2020,191,10,31,32,14,3
San Luis Obispo,4/6/2020,85,1,2,3,2,2
San Mateo,4/6/2020,569,20,68,20,25,5
Santa Barbara,4/6/2020,189,2,34,26,19,5
Santa Clara,4/6/2020,1128,43,181,49,79,10
Santa Cruz,4/6/2020,65,1,5,9,4,2
Shasta,4/6/2020,16,3,6,3,2,2
Sierra,4/6/2020,0,0,,,,
Siskiyou,4/6/2020,4,0,0,0,0,0
Solano,4/6/2020,95,1,15,21,6,6
Sonoma,4/6/2020,102,1,6,18,2,4
Stanislaus,4/6/2020,72,0,28,28,12,4
Sutter,4/6/2020,14,2,0,0,,
Tehama,4/6/2020,1,0,0,0,0,0
Trinity,4/6/2020,0,0,0,0,0,0
Tulare,4/6/2020,126,5,12,24,8,3
Tuolumne,4/6/2020,1,0,0,0,0,0
Unassigned,4/6/2020,53,2,,,,
Ventura,4/6/2020,234,6,22,106,9,20
Yolo,4/6/2020,43,1,4,0,3,4
Yuba,4/6/2020,8,0,1,19,1,3
Alameda,4/7/2020,560,14,76,84,43,25
Alpine,4/7/2020,1,0,,,,
Amador,4/7/2020,2,0,0,0,0,0
Butte,4/7/2020,11,0,1,14,1,5
Calaveras,4/7/2020,5,0,0,1,0,0
Colusa,4/7/2020,2,0,0,0,0,0
Contra Costa,4/7/2020,471,7,31,38,17,9
Del Norte,4/7/2020,2,0,0,3,0,1
El Dorado,4/7/2020,22,0,16,2,0,3
Fresno,4/7/2020,138,3,20,82,11,13
Glenn,4/7/2020,2,0,0,0,0,0
Humboldt,4/7/2020,40,0,2,7,0,0
Imperial,4/7/2020,53,2,9,14,7,2
Inyo,4/7/2020,11,0,9,121,1,0
Kern,4/7/2020,134,2,28,91,14,13
Kings,4/7/2020,5,0,3,4,2,0
Lake,4/7/2020,1,0,0,0,0,0
Lassen,4/7/2020,0,0,0,1,0,0
Los Angeles,4/7/2020,6885,170,1251,1350,517,162
Madera,4/7/2020,28,2,0,3,0,1
Marin,4/7/2020,122,7,6,5,4,4
Mariposa,4/7/2020,0,0,0,3,0,0
Mendocino,4/7/2020,4,0,0,2,0,0
Merced,4/7/2020,27,1,3,3,0,3
Modoc,4/7/2020,0,0,0,1,0,0
Mono,4/7/2020,18,1,20,2,0,0
Monterey,4/7/2020,63,2,18,25,5,4
Napa,4/7/2020,18,2,0,5,0,3
Nevada,4/7/2020,20,1,1,4,1,2
Orange,4/7/2020,971,19,143,144,71,29
Placer,4/7/2020,94,3,19,18,9,3
Plumas,4/7/2020,3,0,0,1,0,0
Riverside,4/7/2020,905,25,129,207,57,57
Sacramento,4/7/2020,513,18,74,91,28,18
San Benito,4/7/2020,26,2,3,3,2,0
San Bernardino,4/7/2020,554,18,146,178,54,49
San Diego,4/7/2020,1456,31,203,124,87,29
San Francisco,4/7/2020,636,6,88,116,36,9
San Joaquin,4/7/2020,198,12,31,33,14,4
San Luis Obispo,4/7/2020,87,1,2,5,2,4
San Mateo,4/7/2020,573,22,63,13,26,2
Santa Barbara,4/7/2020,209,2,41,8,23,1
Santa Clara,4/7/2020,1193,46,187,47,77,7
Santa Cruz,4/7/2020,67,1,4,4,4,3
Shasta,4/7/2020,16,3,5,8,2,3
Sierra,4/7/2020,0,0,,,,
Siskiyou,4/7/2020,4,0,0,1,0,1
Solano,4/7/2020,99,1,14,24,7,6
Sonoma,4/7/2020,102,1,6,28,2,6
Stanislaus,4/7/2020,83,0,28,40,13,9
Sutter,4/7/2020,16,2,0,0,,
Tehama,4/7/2020,1,0,0,1,0,0
Trinity,4/7/2020,0,0,0,0,0,0
Tulare,4/7/2020,144,5,8,23,5,6
Tuolumne,4/7/2020,1,0,0,0,0,0
Unassigned,4/7/2020,53,2,,,,
Ventura,4/7/2020,247,6,22,68,9,20
Yolo,4/7/2020,51,2,2,3,2,1
Yuba,4/7/2020,10,0,2,25,1,5
Alameda,4/8/2020,594,15,84,69,45,18
Alpine,4/8/2020,1,0,,,,
Amador,4/8/2020,2,0,0,0,0,0
Butte,4/8/2020,11,0,1,15,1,7
Calaveras,4/8/2020,5,0,0,2,0,0
Colusa,4/8/2020,3,0,0,0,0,0
Contra Costa,4/8/2020,481,7,35,50,18,13
Del Norte,4/8/2020,2,0,0,2,0,1
El Dorado,4/8/2020,25,0,16,3,0,1
Fresno,4/8/2020,151,3,22,63,10,8
Glenn,4/8/2020,2,0,0,0,0,0
Humboldt,4/8/2020,40,0,2,3,0,0
Imperial,4/8/2020,59,2,16,7,8,3
Inyo,4/8/2020,11,0,9,128,1,1
Kern,4/8/2020,198,2,31,57,16,3
Kings,4/8/2020,5,0,2,8,1,1
Lake,4/8/2020,1,0,0,0,0,1
Lassen,4/8/2020,0,0,0,1,0,0
Los Angeles,4/8/2020,7505,196,1331,1077,532,211
Madera,4/8/2020,28,2,0,6,0,1
Marin,4/8/2020,125,7,5,3,4,2
Mariposa,4/8/2020,0,0,0,0,0,0
Mendocino,4/8/2020,4,0,0,0,0,0
Merced,4/8/2020,35,1,1,1,0,2
Modoc,4/8/2020,0,0,0,0,0,0
Mono,4/8/2020,19,1,19,8,0,0
Monterey,4/8/2020,68,3,18,24,5,0
Napa,4/8/2020,21,2,0,7,0,1
Nevada,4/8/2020,21,1,2,7,2,2
Orange,4/8/2020,1034,19,153,181,49,34
Placer,4/8/2020,102,4,18,15,10,2
Plumas,4/8/2020,3,0,0,1,0,0
Riverside,4/8/2020,974,28,149,145,56,41
Sacramento,4/8/2020,565,21,76,81,28,12
San Benito,4/8/2020,31,2,2,0,1,0
San Bernardino,4/8/2020,635,22,132,301,51,53
San Diego,4/8/2020,1532,36,225,103,92,24
San Francisco,4/8/2020,687,7,90,116,36,17
San Joaquin,4/8/2020,211,12,32,19,11,8
San Luis Obispo,4/8/2020,90,1,2,13,2,11
San Mateo,4/8/2020,608,22,66,20,25,2
Santa Barbara,4/8/2020,221,2,42,18,19,1
Santa Clara,4/8/2020,1257,47,156,34,70,6
Santa Cruz,4/8/2020,69,1,4,9,3,4
Shasta,4/8/2020,18,3,4,5,2,2
Sierra,4/8/2020,0,0,,,,
Siskiyou,4/8/2020,4,0,0,3,0,1
Solano,4/8/2020,111,2,15,19,8,2
Sonoma,4/8/2020,107,1,6,22,2,5
Stanislaus,4/8/2020,86,0,30,35,11,5
Sutter,4/8/2020,17,2,0,0,,
Tehama,4/8/2020,1,0,0,2,0,0
Trinity,4/8/2020,0,0,0,0,0,0
Tulare,4/8/2020,145,6,7,16,2,5
Tuolumne,4/8/2020,0,0,0,0,0,0
Unassigned,4/8/2020,55,2,,,,
Ventura,4/8/2020,263,7,18,73,9,14
Yolo,4/8/2020,56,3,2,7,1,2
Yuba,4/8/2020,10,0,2,24,1,3
Alameda,04/09/2020,641,17,80,76,44,18
Alpine,04/09/2020,1,0,0,0,0,0
Amador,04/09/2020,2,0,0,0,0,0
Butte,04/09/2020,12,0,1,14,1,4
Calaveras,04/09/2020,5,0,0,0,0,0
Colusa,04/09/2020,3,0,0,0,0,1
Contra Costa,04/09/2020,505,7,37,64,18,12
Del Norte,04/09/2020,2,0,0,2,0,0
El Dorado,04/09/2020,25,0,17,3,0,1
Fresno,04/09/2020,165,3,25,41,10,9
Glenn,04/09/2020,2,0,0,0,0,0
Humboldt,04/09/2020,36,0,2,6,0,2
Imperial,04/09/2020,67,2,14,10,7,3
Inyo,04/09/2020,11,0,9,135,1,0
Kern,04/09/2020,241,2,27,35,16,9
Kings,04/09/2020,5,0,6,6,3,0
Lake,04/09/2020,1,0,0,0,0,1
Lassen,04/09/2020,0,0,0,2,0,0
Los Angeles,04/09/2020,7919,220,1368,758,541,156
Madera,04/09/2020,28,2,0,3,0,2
Marin,04/09/2020,126,7,5,7,2,1
Mariposa,04/09/2020,0,0,0,0,0,0
Mendocino,04/09/2020,4,0,0,0,0,0
Merced,04/09/2020,41,3,1,7,0,2
Modoc,04/09/2020,0,0,0,0,0,0
Mono,04/09/2020,19,1,18,15,0,0
Monterey,04/09/2020,70,3,17,26,5,0
Napa,04/09/2020,27,2,0,7,0,0
Nevada,04/09/2020,23,1,2,4,2,1
Orange,04/09/2020,1105,19,146,117,45,29
Placer,04/09/2020,107,4,18,12,9,1
Plumas,04/09/2020,3,0,0,1,0,0
Riverside,04/09/2020,1083,29,201,159,59,34
Sacramento,04/09/2020,601,21,74,60,31,11
San Benito,04/09/2020,32,2,2,1,1,0
San Bernardino,04/09/2020,717,27,136,269,56,41
San Diego,04/09/2020,1630,40,227,124,98,18
San Francisco,04/09/2020,748,8,88,64,33,13
San Joaquin,04/09/2020,223,14,29,18,12,7
San Luis Obispo,04/09/2020,93,1,2,10,2,8
San Mateo,04/09/2020,630,23,58,14,18,2
Santa Barbara,04/09/2020,232,2,40,18,20,2
Santa Clara,04/09/2020,1301,49,158,65,70,17
Santa Cruz,04/09/2020,73,1,4,14,2,5
Shasta,04/09/2020,22,3,5,7,2,1
Sierra,04/09/2020,0,0,0,0,0,0
Siskiyou,04/09/2020,4,0,0,2,0,0
Solano,04/09/2020,118,2,14,9,8,0
Sonoma,04/09/2020,113,1,5,21,2,4
Stanislaus,04/09/2020,93,0,28,30,11,7
Sutter,04/09/2020,17,2,0,0,0,0
Tehama,04/09/2020,1,0,0,1,0,1
Trinity,04/09/2020,0,0,0,0,0,0
Tulare,04/09/2020,147,9,10,11,5,4
Tuolumne,04/09/2020,0,0,0,0,0,0
Unassigned,04/09/2020,53,2,0,0,0,0
Ventura,04/09/2020,273,9,18,69,8,13
Yolo,04/09/2020,59,3,2,4,1,2
Yuba,04/09/2020,13,0,3,18,2,4
Alameda,04/10/2020,706,26,93,71,45,26
Alpine,04/10/2020,1,0,0,0,0,0
Amador,04/10/2020,5,0,0,0,0,0
Butte,04/10/2020,13,0,1,15,1,5
Calaveras,04/10/2020,5,0,0,0,0,0
Colusa,04/10/2020,3,0,0,0,0,0
Contra Costa,04/10/2020,537,9,42,30,17,6
Del Norte,04/10/2020,2,0,0,3,0,0
El Dorado,04/10/2020,26,0,17,1,0,1
Fresno,04/10/2020,186,4,27,41,11,9
Glenn,04/10/2020,3,0,0,0,0,0
Humboldt,04/10/2020,36,0,2,10,0,3
Imperial,04/10/2020,70,3,14,12,8,3
Inyo,04/10/2020,11,0,9,135,1,0
Kern,04/10/2020,272,3,33,38,15,5
Kings,04/10/2020,7,0,8,0,3,0
Lake,04/10/2020,3,0,0,1,0,0
Lassen,04/10/2020,0,0,0,2,0,0
Los Angeles,04/10/2020,8384,241,1299,754,514,142
Madera,04/10/2020,29,2,0,5,0,1
Marin,04/10/2020,128,10,6,26,1,1
Mariposa,04/10/2020,0,0,0,0,0,0
Mendocino,04/10/2020,4,0,0,1,0,1
Merced,04/10/2020,56,3,0,2,0,1
Modoc,04/10/2020,0,0,0,0,0,0
Mono,04/10/2020,20,1,0,3,0,0
Monterey,04/10/2020,78,3,18,21,5,1
Napa,04/10/2020,28,2,0,7,0,4
Nevada,04/10/2020,23,1,3,3,2,1
Orange,04/10/2020,1167,17,139,129,69,25
Placer,04/10/2020,112,7,16,11,9,3
Plumas,04/10/2020,3,0,0,0,0,0
Riverside,04/10/2020,1162,38,206,141,57,34
Sacramento,04/10/2020,642,24,70,45,30,13
San Benito,04/10/2020,32,2,2,1,1,0
San Bernardino,04/10/2020,779,24,156,295,66,58
San Diego,04/10/2020,1695,54,230,124,96,14
San Francisco,04/10/2020,797,12,85,46,32,12
San Joaquin,04/10/2020,234,14,26,17,14,5
San Luis Obispo,04/10/2020,97,1,2,3,2,3
San Mateo,04/10/2020,642,21,56,12,18,3
Santa Barbara,04/10/2020,254,2,42,13,19,1
Santa Clara,04/10/2020,1351,52,151,44,67,5
Santa Cruz,04/10/2020,75,1,4,11,3,5
Shasta,04/10/2020,24,3,5,7,2,1
Sierra,04/10/2020,0,0,0,0,0,0
Siskiyou,04/10/2020,5,0,0,0,0,0
Solano,04/10/2020,129,2,18,9,9,3
Sonoma,04/10/2020,129,2,4,18,1,6
Stanislaus,04/10/2020,101,0,27,17,11,3
Sutter,04/10/2020,18,2,0,0,0,0
Tehama,04/10/2020,1,0,0,1,0,0
Trinity,04/10/2020,0,0,0,0,0,0
Tulare,04/10/2020,163,11,11,10,6,1
Tuolumne,04/10/2020,0,0,0,0,0,1
Unassigned,04/10/2020,2,0,0,0,0,0
Ventura,04/10/2020,290,9,19,76,8,13
Yolo,04/10/2020,62,2,3,2,1,1
Yuba,04/10/2020,13,1,2,8,1,0
Alameda,04/11/2020,751,26,87,91,46,19
Alpine,04/11/2020,1,0,0,0,0,0
Amador,04/11/2020,6,0,0,0,0,0
Butte,04/11/2020,13,0,2,4,1,1
Calaveras,04/11/2020,5,0,0,1,0,1
Colusa,04/11/2020,3,0,0,0,0,0
Contra Costa,04/11/2020,550,12,39,38,15,15
Del Norte,04/11/2020,2,0,0,2,0,1
El Dorado,04/11/2020,29,0,17,2,0,1
Fresno,04/11/2020,201,4,28,63,11,8
Glenn,04/11/2020,3,0,0,0,0,0
Humboldt,04/11/2020,38,0,2,5,0,3
Imperial,04/11/2020,78,3,14,11,7,3
Inyo,04/11/2020,12,0,10,140,1,0
Kern,04/11/2020,304,3,32,52,17,4
Kings,04/11/2020,9,0,10,0,4,0
Lake,04/11/2020,3,0,0,0,0,0
Lassen,04/11/2020,0,0,0,4,0,0
Los Angeles,04/11/2020,8823,265,1362,905,555,135
Madera,04/11/2020,29,2,0,5,0,2
Marin,04/11/2020,136,10,2,27,1,3
Mariposa,04/11/2020,0,0,0,0,0,0
Mendocino,04/11/2020,4,0,0,1,0,1
Merced,04/11/2020,59,3,0,2,0,1
Modoc,04/11/2020,0,0,0,0,0,0
Mono,04/11/2020,20,1,0,3,0,0
Monterey,04/11/2020,78,3,18,17,5,2
Napa,04/11/2020,29,2,0,0,0,0
Nevada,04/11/2020,24,1,3,3,2,1
Orange,04/11/2020,1267,21,144,109,44,20
Placer,04/11/2020,113,7,20,19,7,4
Plumas,04/11/2020,3,0,0,0,0,0
Riverside,04/11/2020,1260,38,232,127,57,26
Sacramento,04/11/2020,685,25,67,46,29,10
San Benito,04/11/2020,33,2,2,2,0,0
San Bernardino,04/11/2020,826,28,153,213,57,42
San Diego,04/11/2020,1763,54,239,118,98,23
San Francisco,04/11/2020,860,12,82,51,28,13
San Joaquin,04/11/2020,244,15,23,14,14,5
San Luis Obispo,04/11/2020,100,1,2,10,2,5
San Mateo,04/11/2020,662,25,54,15,18,2
Santa Barbara,04/11/2020,258,2,40,16,21,4
Santa Clara,04/11/2020,1441,52,146,61,66,8
Santa Cruz,04/11/2020,79,1,4,14,3,6
Shasta,04/11/2020,24,3,5,3,2,0
Sierra,04/11/2020,0,0,0,0,0,0
Siskiyou,04/11/2020,5,0,0,0,0,0
Solano,04/11/2020,138,2,13,16,9,4
Sonoma,04/11/2020,131,2,3,19,1,4
Stanislaus,04/11/2020,119,1,23,19,8,4
Sutter,04/11/2020,18,2,0,0,0,0
Tehama,04/11/2020,1,0,0,0,0,0
Trinity,04/11/2020,0,0,0,0,0,0
Tulare,04/11/2020,168,11,12,3,4,2
Tuolumne,04/11/2020,0,0,0,2,0,0
Unassigned,04/11/2020,2,0,0,0,0,0
Ventura,04/11/2020,304,9,22,58,9,11
Yolo,04/11/2020,67,2,3,4,1,0
Yuba,04/11/2020,13,1,2,2,2,0
Alameda,04/12/2020,774,26,91,101,42,21
Alpine,04/12/2020,1,0,0,0,0,0
Amador,04/12/2020,6,0,0,0,0,0
Butte,04/12/2020,13,0,2,0,2,0
Calaveras,04/12/2020,5,0,0,2,0,2
Colusa,04/12/2020,3,0,0,0,0,0
Contra Costa,04/12/2020,553,12,46,32,16,3
Del Norte,04/12/2020,2,0,0,2,0,0
El Dorado,04/12/2020,28,0,19,1,0,0
Fresno,04/12/2020,205,4,23,46,11,4
Glenn,04/12/2020,3,0,0,0,0,0
Humboldt,04/12/2020,43,0,2,4,0,2
Imperial,04/12/2020,78,3,18,13,8,1
Inyo,04/12/2020,12,0,10,140,1,0
Kern,04/12/2020,319,3,31,28,18,3
Kings,04/12/2020,9,0,8,0,3,0
Lake,04/12/2020,3,0,0,0,0,0
Lassen,04/12/2020,0,0,0,4,0,0
Los Angeles,04/12/2020,9133,296,1433,715,559,144
Madera,04/12/2020,29,2,0,5,0,0
Marin,04/12/2020,138,10,2,24,1,1
Mariposa,04/12/2020,0,0,0,0,0,0
Mendocino,04/12/2020,4,0,0,0,0,0
Merced,04/12/2020,58,3,0,3,0,2
Modoc,04/12/2020,0,0,0,0,0,0
Mono,04/12/2020,20,1,0,3,0,0
Monterey,04/12/2020,85,3,19,13,4,4
Napa,04/12/2020,29,2,0,0,0,0
Nevada,04/12/2020,24,1,3,1,2,2
Orange,04/12/2020,1283,21,138,108,63,33
Placer,04/12/2020,114,7,19,15,6,3
Plumas,04/12/2020,3,0,0,0,0,0
Riverside,04/12/2020,1330,39,245,142,69,26
Sacramento,04/12/2020,689,25,69,46,28,9
San Benito,04/12/2020,33,2,0,0,0,0
San Bernardino,04/12/2020,827,30,157,172,63,36
San Diego,04/12/2020,1806,55,244,108,99,19
San Francisco,04/12/2020,886,12,92,44,30,7
San Joaquin,04/12/2020,246,15,25,21,10,6
San Luis Obispo,04/12/2020,102,1,2,8,2,4
San Mateo,04/12/2020,664,25,46,31,16,2
Santa Barbara,04/12/2020,261,2,42,7,21,1
Santa Clara,04/12/2020,1461,53,145,51,66,8
Santa Cruz,04/12/2020,80,1,4,15,3,6
Shasta,04/12/2020,24,3,4,3,2,0
Sierra,04/12/2020,0,0,0,0,0,0
Siskiyou,04/12/2020,5,0,0,0,0,0
Solano,04/12/2020,136,2,13,19,7,10
Sonoma,04/12/2020,131,2,3,11,1,3
Stanislaus,04/12/2020,117,1,19,19,8,3
Sutter,04/12/2020,18,2,0,0,0,0
Tehama,04/12/2020,1,0,0,3,0,0
Trinity,04/12/2020,0,0,0,0,0,0
Tulare,04/12/2020,166,11,15,4,6,1
Tuolumne,04/12/2020,0,0,0,0,0,0
Unassigned,04/12/2020,2,0,0,0,0,0
Ventura,04/12/2020,306,9,21,65,8,8
Yolo,04/12/2020,67,2,4,4,2,0
Yuba,04/12/2020,13,1,1,0,1,0
Alameda,04/13/2020,821,31,85,81,40,21
Alpine,04/13/2020,1,0,0,0,0,0
Amador,04/13/2020,6,0,0,0,0,0
Butte,04/13/2020,13,0,1,8,1,7
Calaveras,04/13/2020,5,0,0,1,0,1
Colusa,04/13/2020,3,0,0,0,0,0
Contra Costa,04/13/2020,581,13,44,44,16,5
Del Norte,04/13/2020,2,0,0,1,0,1
El Dorado,04/13/2020,30,0,19,1,0,1
Fresno,04/13/2020,209,5,22,57,12,8
Glenn,04/13/2020,3,0,0,0,0,0
Humboldt,04/13/2020,44,0,2,8,0,1
Imperial,04/13/2020,83,3,19,8,7,1
Inyo,04/13/2020,12,0,10,150,1,2
Kern,04/13/2020,379,3,39,32,18,1
Kings,04/13/2020,10,0,0,1,0,1
Lake,04/13/2020,3,0,0,2,0,1
Lassen,04/13/2020,0,0,0,4,0,0
Los Angeles,04/13/2020,9367,320,1501,793,570,150
Madera,04/13/2020,29,2,0,4,0,1
Marin,04/13/2020,144,10,2,20,2,1
Mariposa,04/13/2020,0,0,0,3,0,0
Mendocino,04/13/2020,4,0,7,1,3,0
Merced,04/13/2020,60,3,0,4,0,1
Modoc,04/13/2020,0,0,0,0,0,0
Mono,04/13/2020,21,1,0,1,0,0
Monterey,04/13/2020,89,3,22,19,4,2
Napa,04/13/2020,30,2,0,1,0,0
Nevada,04/13/2020,24,1,2,2,2,2
Orange,04/13/2020,1313,21,149,81,54,17
Placer,04/13/2020,116,7,18,9,5,3
Plumas,04/13/2020,3,0,0,1,0,0
Riverside,04/13/2020,1460,50,247,122,66,30
Sacramento,04/13/2020,724,27,73,36,28,7
San Benito,04/13/2020,33,2,1,1,0,0
San Bernardino,04/13/2020,925,31,167,155,60,24
San Diego,04/13/2020,1849,66,243,107,101,24
San Francisco,04/13/2020,959,15,89,48,30,9
San Joaquin,04/13/2020,259,17,26,16,12,8
San Luis Obispo,04/13/2020,107,1,2,5,2,2
San Mateo,04/13/2020,679,25,57,19,18,4
Santa Barbara,04/13/2020,271,2,42,7,21,2
Santa Clara,04/13/2020,1542,60,151,66,65,11
Santa Cruz,04/13/2020,82,1,4,8,3,2
Shasta,04/13/2020,24,3,3,0,2,0
Sierra,04/13/2020,0,0,0,0,0,0
Siskiyou,04/13/2020,5,0,0,2,0,2
Solano,04/13/2020,137,2,13,13,7,5
Sonoma,04/13/2020,133,2,3,14,1,3
Stanislaus,04/13/2020,132,2,21,22,9,5
Sutter,04/13/2020,18,2,0,0,0,0
Tehama,04/13/2020,1,0,0,0,0,0
Trinity,04/13/2020,0,0,0,0,0,0
Tulare,04/13/2020,186,13,14,3,6,0
Tuolumne,04/13/2020,0,0,0,0,0,0
Unassigned,04/13/2020,2,0,0,0,0,0
Ventura,04/13/2020,311,9,21,56,9,9
Yolo,04/13/2020,81,2,4,0,2,0
Yuba,04/13/2020,13,1,1,2,0,0
Alameda,04/14/2020,843,37,92,106,34,21
Alpine,04/14/2020,1,0,0,0,0,0
Amador,04/14/2020,6,0,0,0,0,0
Butte,04/14/2020,13,0,1,6,1,6
Calaveras,04/14/2020,5,0,0,1,0,0
Colusa,04/14/2020,3,0,0,0,0,0
Contra Costa,04/14/2020,617,13,37,51,15,9
Del Norte,04/14/2020,2,0,0,5,0,4
El Dorado,04/14/2020,30,0,20,3,0,0
Fresno,04/14/2020,244,5,24,45,12,8
Glenn,04/14/2020,3,0,0,0,0,0
Humboldt,04/14/2020,44,0,2,7,0,0
Imperial,04/14/2020,86,3,19,14,6,3
Inyo,04/14/2020,12,0,10,156,0,1
Kern,04/14/2020,453,3,35,23,17,3
Kings,04/14/2020,12,0,8,0,2,0
Lake,04/14/2020,3,0,0,3,0,0
Lassen,04/14/2020,0,0,0,6,0,0
Los Angeles,04/14/2020,9948,360,1587,613,588,115
Madera,04/14/2020,29,2,0,4,0,2
Marin,04/14/2020,147,10,2,23,2,3
Mariposa,04/14/2020,0,0,0,3,0,0
Mendocino,04/14/2020,4,0,0,0,0,0
Merced,04/14/2020,61,3,0,4,0,2
Modoc,04/14/2020,0,0,0,1,0,0
Mono,04/14/2020,22,1,0,1,0,0
Monterey,04/14/2020,98,3,18,13,3,0
Napa,04/14/2020,33,2,0,0,0,0
Nevada,04/14/2020,34,1,3,4,2,1
Orange,04/14/2020,1362,21,147,111,57,31
Placer,04/14/2020,117,7,17,15,5,4
Plumas,04/14/2020,3,0,0,1,0,0
Riverside,04/14/2020,1467,54,235,117,64,36
Sacramento,04/14/2020,737,28,70,46,24,8
San Benito,04/14/2020,34,2,1,1,0,0
San Bernardino,04/14/2020,933,31,166,149,59,43
San Diego,04/14/2020,1932,67,243,109,101,22
San Francisco,04/14/2020,968,15,87,53,28,5
San Joaquin,04/14/2020,280,17,22,10,12,1
San Luis Obispo,04/14/2020,109,1,3,15,2,6
San Mateo,04/14/2020,681,25,55,12,19,4
Santa Barbara,04/14/2020,292,2,42,8,19,1
Santa Clara,04/14/2020,1561,66,144,47,66,5
Santa Cruz,04/14/2020,84,1,4,4,3,0
Shasta,04/14/2020,24,3,1,4,1,2
Sierra,04/14/2020,0,0,0,0,0,0
Siskiyou,04/14/2020,5,0,0,0,0,0
Solano,04/14/2020,140,2,12,25,6,4
Sonoma,04/14/2020,133,2,3,9,1,3
Stanislaus,04/14/2020,136,4,18,25,9,7
Sutter,04/14/2020,19,2,0,0,0,0
Tehama,04/14/2020,1,0,0,0,0,0
Trinity,04/14/2020,0,0,0,0,0,0
Tulare,04/14/2020,228,13,15,5,6,0
Tuolumne,04/14/2020,0,0,0,0,0,0
Unassigned,04/14/2020,2,0,0,0,0,0
Ventura,04/14/2020,328,10,24,35,9,7
Yolo,04/14/2020,81,4,3,0,2,0
Yuba,04/14/2020,14,1,1,1,0,1
Alameda,04/15/2020,915,37,81,99,34,11
Alpine,04/15/2020,1,0,0,0,0,0
Amador,04/15/2020,7,0,0,0,0,0
Butte,04/15/2020,14,0,1,5,0,2
Calaveras,04/15/2020,9,0,0,0,0,0
Colusa,04/15/2020,3,0,0,0,0,0
Contra Costa,04/15/2020,645,14,38,41,16,8
Del Norte,04/15/2020,2,0,0,0,0,1
El Dorado,04/15/2020,33,0,0,5,0,1
Fresno,04/15/2020,264,7,25,33,12,2
Glenn,04/15/2020,3,0,0,0,0,0
Humboldt,04/15/2020,47,0,2,5,0,0
Imperial,04/15/2020,115,3,21,13,7,4
Inyo,04/15/2020,12,0,15,163,0,0
Kern,04/15/2020,500,3,40,12,16,1
Kings,04/15/2020,12,1,8,0,2,0
Lake,04/15/2020,4,0,3,3,0,2
Lassen,04/15/2020,0,0,0,6,0,0
Los Angeles,04/15/2020,10416,402,1624,632,600,139
Madera,04/15/2020,30,2,1,6,0,1
Marin,04/15/2020,162,10,4,10,2,4
Mariposa,04/15/2020,0,0,0,4,0,0
Mendocino,04/15/2020,4,0,0,0,0,0
Merced,04/15/2020,74,3,0,0,0,0
Modoc,04/15/2020,0,0,0,0,0,0
Mono,04/15/2020,22,1,0,0,0,0
Monterey,04/15/2020,106,3,20,11,4,1
Napa,04/15/2020,34,2,0,0,0,0
Nevada,04/15/2020,34,1,3,4,2,1
Orange,04/15/2020,1377,22,156,103,73,27
Placer,04/15/2020,123,7,13,11,2,4
Plumas,04/15/2020,4,0,0,0,0,0
Riverside,04/15/2020,1723,59,207,155,70,29
Sacramento,04/15/2020,839,28,66,60,20,14
San Benito,04/15/2020,34,2,1,0,0,0
San Bernardino,04/15/2020,1063,37,149,109,65,39
San Diego,04/15/2020,2014,67,236,112,98,23
San Francisco,04/15/2020,1006,17,87,84,25,7
San Joaquin,04/15/2020,329,17,21,21,10,3
San Luis Obispo,04/15/2020,112,1,2,6,2,4
San Mateo,04/15/2020,707,25,53,18,14,4
Santa Barbara,04/15/2020,317,2,37,7,17,2
Santa Clara,04/15/2020,1692,66,144,42,65,6
Santa Cruz,04/15/2020,92,1,4,2,3,2
Shasta,04/15/2020,25,3,1,1,1,0
Sierra,04/15/2020,0,0,0,0,0,0
Siskiyou,04/15/2020,5,0,2,0,0,2
Solano,04/15/2020,153,2,9,14,6,4
Sonoma,04/15/2020,140,2,3,13,1,7
Stanislaus,04/15/2020,174,4,19,17,7,4
Sutter,04/15/2020,19,2,0,0,0,0
Tehama,04/15/2020,1,1,0,0,0,0
Trinity,04/15/2020,0,0,0,0,0,0
Tulare,04/15/2020,289,15,18,3,7,0
Tuolumne,04/15/2020,1,0,0,0,0,0
Unassigned,04/15/2020,2,0,0,0,0,0
Ventura,04/15/2020,365,13,25,57,8,16
Yolo,04/15/2020,93,7,2,1,2,0
Yuba,04/15/2020,15,1,0,2,0,2
Alameda,04/16/2020,981,44,73,82,31,9
Alpine,04/16/2020,1,0,0,0,0,0
Amador,04/16/2020,7,0,0,0,0,0
Butte,04/16/2020,15,0,1,10,0,3
Calaveras,04/16/2020,10,0,0,1,0,1
Colusa,04/16/2020,3,0,0,1,0,1
Contra Costa,04/16/2020,675,16,37,59,14,13
Del Norte,04/16/2020,2,0,0,3,0,0
El Dorado,04/16/2020,34,0,0,5,0,0
Fresno,04/16/2020,289,7,33,33,12,4
Glenn,04/16/2020,3,0,0,0,0,0
Humboldt,04/16/2020,47,0,1,5,4,2
Imperial,04/16/2020,132,3,21,7,9,1
Inyo,04/16/2020,17,0,0,3,0,1
Kern,04/16/2020,587,3,41,19,17,0
Kings,04/16/2020,12,1,8,0,2,0
Lake,04/16/2020,6,0,1,0,0,0
Lassen,04/16/2020,0,0,0,5,0,0
Los Angeles,04/16/2020,10786,455,1679,620,594,108
Madera,04/16/2020,34,2,0,7,0,0
Marin,04/16/2020,170,10,5,7,2,1
Mariposa,04/16/2020,1,0,0,1,0,0
Mendocino,04/16/2020,4,0,0,0,0,0
Merced,04/16/2020,76,3,1,1,0,0
Modoc,04/16/2020,0,0,0,2,0,0
Mono,04/16/2020,22,1,0,0,0,0
Monterey,04/16/2020,116,3,20,22,4,0
Napa,04/16/2020,44,2,0,0,0,0
Nevada,04/16/2020,34,1,3,3,2,2
Orange,04/16/2020,1439,26,152,117,55,25
Placer,04/16/2020,129,8,12,18,1,1
Plumas,04/16/2020,4,0,0,0,0,0
Riverside,04/16/2020,1913,65,216,150,72,34
Sacramento,04/16/2020,865,32,64,54,25,13
San Benito,04/16/2020,36,2,1,0,0,0
San Bernardino,04/16/2020,1143,39,164,124,60,25
San Diego,04/16/2020,2089,77,231,111,94,19
San Francisco,04/16/2020,1039,17,84,35,31,9
San Joaquin,04/16/2020,345,17,21,16,11,2
San Luis Obispo,04/16/2020,113,1,3,11,3,0
San Mateo,04/16/2020,745,25,54,18,13,3
Santa Barbara,04/16/2020,331,2,37,4,16,0
Santa Clara,04/16/2020,1789,69,134,48,69,8
Santa Cruz,04/16/2020,90,2,4,3,3,1
Shasta,04/16/2020,25,3,1,0,1,0
Sierra,04/16/2020,0,0,0,0,0,0
Siskiyou,04/16/2020,5,0,0,2,0,1
Solano,04/16/2020,162,2,9,15,6,4
Sonoma,04/16/2020,145,2,3,10,1,3
Stanislaus,04/16/2020,185,4,18,19,6,3
Sutter,04/16/2020,21,2,0,0,0,0
Tehama,04/16/2020,1,1,0,1,0,0
Trinity,04/16/2020,0,0,0,0,0,0
Tulare,04/16/2020,305,17,22,5,8,1
Tuolumne,04/16/2020,1,0,0,0,0,0
Unassigned,04/16/2020,4,0,0,0,0,0
Ventura,04/16/2020,384,13,24,52,7,10
Yolo,04/16/2020,98,7,2,1,1,0
Yuba,04/16/2020,14,1,0,2,0,2
Alameda,04/17/2020,1043,44,85,91,35,18
Alpine,04/17/2020,1,0,0,0,0,0
Amador,04/17/2020,7,0,0,0,0,0
Butte,04/17/2020,15,0,1,9,0,6
Calaveras,04/17/2020,11,0,0,2,0,2
Colusa,04/17/2020,3,0,0,1,0,1
Contra Costa,04/17/2020,687,19,34,46,13,11
Del Norte,04/17/2020,2,0,0,4,0,1
El Dorado,04/17/2020,35,0,0,6,0,1
Fresno,04/17/2020,315,7,31,29,12,2
Glenn,04/17/2020,3,0,0,0,0,0
Humboldt,04/17/2020,52,0,0,4,2,1
Imperial,04/17/2020,135,3,19,15,10,2
Inyo,04/17/2020,17,0,0,3,0,1
Kern,04/17/2020,612,3,36,16,18,1
Kings,04/17/2020,15,1,7,0,2,0
Lake,04/17/2020,6,0,0,6,0,1
Lassen,04/17/2020,0,0,0,5,0,0
Los Angeles,04/17/2020,11354,495,1720,634,594,105
Madera,04/17/2020,34,2,0,5,0,0
Marin,04/17/2020,189,10,4,2,2,0
Mariposa,04/17/2020,0,0,0,1,0,0
Mendocino,04/17/2020,4,0,0,0,0,0
Merced,04/17/2020,80,3,0,4,0,2
Modoc,04/17/2020,0,0,0,1,0,0
Mono,04/17/2020,22,1,0,0,0,0
Monterey,04/17/2020,119,3,22,25,3,1
Napa,04/17/2020,46,2,0,1,0,0
Nevada,04/17/2020,34,1,2,4,1,3
Orange,04/17/2020,1496,28,160,124,58,15
Placer,04/17/2020,130,8,12,17,1,2
Plumas,04/17/2020,4,0,0,1,0,0
Riverside,04/17/2020,2080,73,215,144,69,23
Sacramento,04/17/2020,882,32,63,46,24,18
San Benito,04/17/2020,38,2,1,0,0,0
San Bernardino,04/17/2020,1229,55,165,123,62,29
San Diego,04/17/2020,2160,83,232,111,92,21
San Francisco,04/17/2020,1090,20,79,36,28,8
San Joaquin,04/17/2020,356,17,23,23,10,3
San Luis Obispo,04/17/2020,116,1,3,11,3,2
San Mateo,04/17/2020,768,28,51,16,16,1
Santa Barbara,04/17/2020,349,3,36,6,16,0
Santa Clara,04/17/2020,1834,73,140,60,71,11
Santa Cruz,04/17/2020,94,2,2,3,1,2
Shasta,04/17/2020,26,3,1,0,1,0
Sierra,04/17/2020,0,0,0,0,0,0
Siskiyou,04/17/2020,5,0,0,3,0,0
Solano,04/17/2020,173,2,10,11,5,1
Sonoma,04/17/2020,167,2,2,6,1,3
Stanislaus,04/17/2020,201,4,15,17,7,2
Sutter,04/17/2020,20,2,0,0,0,0
Tehama,04/17/2020,1,1,0,0,0,0
Trinity,04/17/2020,0,0,0,0,0,0
Tulare,04/17/2020,370,17,23,5,7,1
Tuolumne,04/17/2020,2,0,0,0,0,0
Unassigned,04/17/2020,2,0,0,0,0,0
Ventura,04/17/2020,398,13,23,33,8,11
Yolo,04/17/2020,117,8,4,0,1,0
Yuba,04/17/2020,14,1,0,5,0,4
Alameda,04/18/2020,1085,44,82,73,36,16
Alpine,04/18/2020,1,0,0,0,0,0
Amador,04/18/2020,7,0,0,0,0,0
Butte,04/18/2020,15,0,1,4,0,2
Calaveras,04/18/2020,12,0,0,0,0,0
Colusa,04/18/2020,3,0,0,0,0,0
Contra Costa,04/18/2020,721,19,35,44,13,8
Del Norte,04/18/2020,2,0,0,2,0,1
El Dorado,04/18/2020,36,0,0,8,0,2
Fresno,04/18/2020,319,7,32,35,13,2
Glenn,04/18/2020,3,0,0,0,0,0
Humboldt,04/18/2020,52,0,0,4,0,0
Imperial,04/18/2020,137,3,21,12,9,4
Inyo,04/18/2020,17,0,1,1,1,0
Kern,04/18/2020,626,3,33,14,18,2
Kings,04/18/2020,17,1,8,0,2,0
Lake,04/18/2020,6,0,0,0,0,0
Lassen,04/18/2020,0,0,0,1,0,0
Los Angeles,04/18/2020,11984,576,1709,578,586,110
Madera,04/18/2020,34,2,0,7,0,0
Marin,04/18/2020,193,10,3,1,1,0
Mariposa,04/18/2020,0,0,0,0,0,0
Mendocino,04/18/2020,4,0,0,0,0,0
Merced,04/18/2020,82,3,0,3,0,0
Modoc,04/18/2020,0,0,0,1,0,0
Mono,04/18/2020,22,1,0,0,0,0
Monterey,04/18/2020,135,3,26,21,2,0
Napa,04/18/2020,49,2,0,0,0,0
Nevada,04/18/2020,34,1,4,5,1,4
Orange,04/18/2020,1569,32,157,120,64,23
Placer,04/18/2020,130,8,11,17,1,2
Plumas,04/18/2020,4,0,0,1,0,0
Riverside,04/18/2020,2257,78,223,118,71,19
Sacramento,04/18/2020,901,33,65,46,22,17
San Benito,04/18/2020,40,2,0,0,0,0
San Bernardino,04/18/2020,1255,57,161,108,61,22
San Diego,04/18/2020,2215,83,223,97,90,18
San Francisco,04/18/2020,1144,20,74,29,27,7
San Joaquin,04/18/2020,392,17,23,27,11,4
San Luis Obispo,04/18/2020,129,1,3,12,3,2
San Mateo,04/18/2020,821,28,49,12,16,0
Santa Barbara,04/18/2020,372,4,31,9,15,4
Santa Clara,04/18/2020,1862,73,137,52,67,13
Santa Cruz,04/18/2020,96,2,2,2,1,1
Shasta,04/18/2020,26,3,1,1,1,0
Sierra,04/18/2020,0,0,0,0,0,0
Siskiyou,04/18/2020,5,0,0,1,0,1
Solano,04/18/2020,175,2,9,11,6,1
Sonoma,04/18/2020,168,2,2,4,1,1
Stanislaus,04/18/2020,216,4,14,23,5,1
Sutter,04/18/2020,21,2,0,0,0,0
Tehama,04/18/2020,1,1,0,0,0,0
Trinity,04/18/2020,0,0,0,0,0,0
Tulare,04/18/2020,385,17,27,0,9,0
Tuolumne,04/18/2020,2,0,0,0,0,0
Unassigned,04/18/2020,3,0,0,0,0,0
Ventura,04/18/2020,416,13,25,28,9,5
Yolo,04/18/2020,118,8,4,0,1,0
Yuba,04/18/2020,14,1,0,3,0,2
Alameda,04/19/2020,1134,44,84,63,37,5
Alpine,04/19/2020,1,0,0,0,0,0
Amador,04/19/2020,7,0,0,0,0,0
Butte,04/19/2020,15,0,1,3,0,1
Calaveras,04/19/2020,12,0,0,0,0,0
Colusa,04/19/2020,3,0,1,0,0,0
Contra Costa,04/19/2020,731,20,34,40,14,7
Del Norte,04/19/2020,2,0,0,0,0,0
El Dorado,04/19/2020,36,0,0,11,0,3
Fresno,04/19/2020,326,7,32,35,14,2
Glenn,04/19/2020,3,0,0,0,0,0
Humboldt,04/19/2020,53,0,0,3,0,0
Imperial,04/19/2020,144,3,25,8,11,2
Inyo,04/19/2020,17,0,1,0,1,0
Kern,04/19/2020,629,3,34,20,18,2
Kings,04/19/2020,17,1,8,0,3,0
Lake,04/19/2020,6,0,0,2,0,0
Lassen,04/19/2020,0,0,0,1,0,0
Los Angeles,04/19/2020,12299,600,1739,549,595,115
Madera,04/19/2020,34,2,0,7,0,0
Marin,04/19/2020,194,10,3,7,1,3
Mariposa,04/19/2020,0,0,0,0,0,0
Mendocino,04/19/2020,4,0,0,0,0,0
Merced,04/19/2020,85,3,0,2,0,1
Modoc,04/19/2020,0,0,0,0,0,0
Mono,04/19/2020,23,1,0,0,0,0
Monterey,04/19/2020,140,4,25,6,2,0
Napa,04/19/2020,49,2,0,3,0,0
Nevada,04/19/2020,34,1,1,4,1,4
Orange,04/19/2020,1591,32,162,130,73,24
Placer,04/19/2020,131,8,11,12,1,5
Plumas,04/19/2020,4,0,0,0,0,0
Riverside,04/19/2020,2316,83,236,113,76,22
Sacramento,04/19/2020,912,34,65,39,22,11
San Benito,04/19/2020,40,2,0,0,0,0
San Bernardino,04/19/2020,1262,58,158,97,62,17
San Diego,04/19/2020,2270,83,226,94,92,26
San Francisco,04/19/2020,1153,20,73,34,27,10
San Joaquin,04/19/2020,404,17,23,16,12,2
San Luis Obispo,04/19/2020,132,1,2,7,2,1
San Mateo,04/19/2020,845,31,53,6,18,0
Santa Barbara,04/19/2020,377,4,29,7,16,1
Santa Clara,04/19/2020,1878,79,143,32,67,5
Santa Cruz,04/19/2020,98,2,2,3,1,0
Shasta,04/19/2020,26,3,1,0,1,0
Sierra,04/19/2020,0,0,0,0,0,0
Siskiyou,04/19/2020,5,0,0,1,0,1
Solano,04/19/2020,174,2,11,10,6,3
Sonoma,04/19/2020,172,2,2,8,0,2
Stanislaus,04/19/2020,221,4,13,16,5,3
Sutter,04/19/2020,21,2,0,0,0,0
Tehama,04/19/2020,1,1,0,0,0,0
Trinity,04/19/2020,0,0,0,0,0,0
Tulare,04/19/2020,391,17,27,0,9,0
Tuolumne,04/19/2020,2,0,0,0,0,0
Unassigned,04/19/2020,1,0,0,0,0,0
Ventura,04/19/2020,418,13,26,26,9,4
Yolo,04/19/2020,120,8,6,0,0,0
Yuba,04/19/2020,15,1,0,2,0,2
Alameda,04/20/2020,1181,50,85,52,38,4
Alpine,04/20/2020,1,0,0,0,0,0
Amador,04/20/2020,7,0,0,0,0,0
Butte,04/20/2020,15,0,1,2,0,1
Calaveras,04/20/2020,12,0,0,1,0,0
Colusa,04/20/2020,3,0,1,0,0,0
Contra Costa,04/20/2020,753,22,37,28,13,8
Del Norte,04/20/2020,2,0,0,2,0,1
El Dorado,04/20/2020,36,0,0,4,0,0
Fresno,04/20/2020,356,7,35,30,15,1
Glenn,04/20/2020,3,0,0,0,0,0
Humboldt,04/20/2020,53,0,0,6,0,0
Imperial,04/20/2020,149,3,25,9,11,2
Inyo,04/20/2020,17,0,1,0,1,0
Kern,04/20/2020,651,3,34,11,13,1
Kings,04/20/2020,19,1,8,0,3,0
Lake,04/20/2020,6,0,0,2,0,1
Lassen,04/20/2020,0,0,0,1,0,0
Los Angeles,04/20/2020,13787,617,1791,602,625,93
Madera,04/20/2020,35,2,0,6,0,0
Marin,04/20/2020,200,10,6,4,2,1
Mariposa,04/20/2020,0,0,0,1,0,0
Mendocino,04/20/2020,5,0,0,0,0,0
Merced,04/20/2020,88,3,0,1,0,1
Modoc,04/20/2020,0,0,0,0,0,0
Mono,04/20/2020,23,1,0,0,0,0
Monterey,04/20/2020,147,4,24,7,2,1
Napa,04/20/2020,55,2,1,2,1,0
Nevada,04/20/2020,34,1,1,5,1,2
Orange,04/20/2020,1679,33,172,102,73,21
Placer,04/20/2020,132,8,8,7,2,1
Plumas,04/20/2020,4,0,0,0,0,0
Riverside,04/20/2020,2477,89,240,145,72,29
Sacramento,04/20/2020,924,34,69,32,33,8
San Benito,04/20/2020,43,2,0,0,0,0
San Bernardino,04/20/2020,1344,60,152,200,60,28
San Diego,04/20/2020,2327,102,238,76,95,13
San Francisco,04/20/2020,1223,20,79,27,27,7
San Joaquin,04/20/2020,422,17,30,23,16,4
San Luis Obispo,04/20/2020,132,1,2,3,2,0
San Mateo,04/20/2020,890,31,56,16,18,4
Santa Barbara,04/20/2020,388,4,30,9,20,2
Santa Clara,04/20/2020,1920,83,149,42,68,8
Santa Cruz,04/20/2020,102,2,3,1,1,0
Shasta,04/20/2020,26,3,1,0,1,0
Sierra,04/20/2020,0,0,0,0,0,0
Siskiyou,04/20/2020,5,0,0,1,0,1
Solano,04/20/2020,185,2,10,11,6,3
Sonoma,04/20/2020,178,2,2,12,0,6
Stanislaus,04/20/2020,228,4,13,18,5,6
Sutter,04/20/2020,22,2,0,0,0,0
Tehama,04/20/2020,1,1,0,0,0,0
Trinity,04/20/2020,0,0,0,0,0,0
Tulare,04/20/2020,401,18,27,0,9,0
Tuolumne,04/20/2020,2,0,0,0,0,0
Unassigned,04/20/2020,2,0,0,0,0,0
Ventura,04/20/2020,426,13,29,18,8,2
Yolo,04/20/2020,125,10,5,1,0,0
Yuba,04/20/2020,15,1,0,1,0,1
Alameda,04/21/2020,1234,51,85,59,41,9
Alpine,04/21/2020,1,0,0,0,0,0
Amador,04/21/2020,7,0,0,0,0,0
Butte,04/21/2020,15,0,0,1,0,1
Calaveras,04/21/2020,12,0,0,0,0,0
Colusa,04/21/2020,3,0,1,0,1,0
Contra Costa,04/21/2020,766,22,33,44,13,11
Del Norte,04/21/2020,2,0,0,1,0,0
El Dorado,04/21/2020,36,0,0,3,0,0
Fresno,04/21/2020,372,7,35,35,15,3
Glenn,04/21/2020,3,0,0,0,0,0
Humboldt,04/21/2020,53,0,0,5,0,0
Imperial,04/21/2020,165,5,23,12,12,0
Inyo,04/21/2020,18,0,1,0,1,0
Kern,04/21/2020,676,4,31,12,13,1
Kings,04/21/2020,28,1,8,0,3,0
Lake,04/21/2020,6,0,0,2,0,0
Lassen,04/21/2020,0,0,0,1,0,0
Los Angeles,04/21/2020,15096,663,1854,617,613,111
Madera,04/21/2020,37,2,0,5,0,0
Marin,04/21/2020,202,10,5,4,2,1
Mariposa,04/21/2020,0,0,0,1,0,0
Mendocino,04/21/2020,5,0,0,1,0,0
Merced,04/21/2020,89,3,0,3,0,2
Modoc,04/21/2020,0,0,0,1,0,0
Mono,04/21/2020,23,1,0,0,0,0
Monterey,04/21/2020,151,4,7,4,2,1
Napa,04/21/2020,58,2,1,1,1,0
Nevada,04/21/2020,36,1,1,4,1,2
Orange,04/21/2020,1717,33,179,129,77,27
Placer,04/21/2020,133,8,4,18,2,2
Plumas,04/21/2020,4,0,0,0,0,0
Riverside,04/21/2020,2631,96,250,120,81,32
Sacramento,04/21/2020,941,35,54,39,21,8
San Benito,04/21/2020,43,2,1,0,0,0
San Bernardino,04/21/2020,1499,67,153,204,51,36
San Diego,04/21/2020,2436,109,221,84,98,21
San Francisco,04/21/2020,1232,20,76,45,25,9
San Joaquin,04/21/2020,447,20,27,24,16,5
San Luis Obispo,04/21/2020,134,1,1,5,1,3
San Mateo,04/21/2020,933,31,53,14,19,2
Santa Barbara,04/21/2020,414,5,26,8,13,5
Santa Clara,04/21/2020,1943,88,144,34,70,16
Santa Cruz,04/21/2020,104,2,3,2,1,0
Shasta,04/21/2020,26,3,1,0,1,0
Sierra,04/21/2020,0,0,0,0,0,0
Siskiyou,04/21/2020,5,0,0,1,0,1
Solano,04/21/2020,193,3,6,17,2,0
Sonoma,04/21/2020,182,2,2,17,0,6
Stanislaus,04/21/2020,235,4,11,20,4,7
Sutter,04/21/2020,22,2,0,0,0,0
Tehama,04/21/2020,1,1,0,0,0,0
Trinity,04/21/2020,0,0,0,0,0,0
Tulare,04/21/2020,410,22,27,0,9,0
Tuolumne,04/21/2020,2,0,0,0,0,0
Unassigned,04/21/2020,2,0,0,0,0,0
Ventura,04/21/2020,455,13,28,28,9,10
Yolo,04/21/2020,143,10,5,2,1,0
Yuba,04/21/2020,15,1,0,0,0,0
Alameda,04/22/2020,1275,53,84,61,38,17
Alpine,04/22/2020,1,0,0,0,0,0
Amador,04/22/2020,7,0,0,1,0,0
Butte,04/22/2020,15,0,0,0,0,1
Calaveras,04/22/2020,12,0,0,0,0,0
Colusa,04/22/2020,3,0,1,0,1,0
Contra Costa,04/22/2020,772,22,32,52,13,14
Del Norte,04/22/2020,2,0,0,2,0,1
El Dorado,04/22/2020,39,0,0,5,0,1
Fresno,04/22/2020,388,7,36,43,14,4
Glenn,04/22/2020,3,0,0,0,0,0
Humboldt,04/22/2020,53,0,0,8,0,1
Imperial,04/22/2020,170,6,26,8,12,0
Inyo,04/22/2020,18,0,1,0,1,0
Kern,04/22/2020,713,4,32,25,14,1
Kings,04/22/2020,28,1,9,0,3,0
Lake,04/22/2020,6,0,0,3,0,1
Lassen,04/22/2020,0,0,0,1,0,0
Los Angeles,04/22/2020,16400,729,1858,590,602,125
Madera,04/22/2020,37,2,0,3,0,0
Marin,04/22/2020,202,11,5,10,2,5
Mariposa,04/22/2020,0,0,0,0,0,0
Mendocino,04/22/2020,5,0,0,0,0,0
Merced,04/22/2020,92,3,3,3,0,0
Modoc,04/22/2020,0,0,0,0,0,0
Mono,04/22/2020,23,1,0,0,0,0
Monterey,04/22/2020,154,4,6,3,2,1
Napa,04/22/2020,58,2,1,2,1,0
Nevada,04/22/2020,36,1,1,0,1,0
Orange,04/22/2020,1785,34,172,111,73,21
Placer,04/22/2020,133,8,5,20,1,1
Plumas,04/22/2020,4,0,0,0,0,0
Riverside,04/22/2020,2822,109,229,127,84,25
Sacramento,04/22/2020,959,36,47,23,18,5
San Benito,04/22/2020,43,2,0,0,0,0
San Bernardino,04/22/2020,1564,72,149,201,54,32
San Diego,04/22/2020,2493,112,241,77,104,21
San Francisco,04/22/2020,1255,21,75,17,28,3
San Joaquin,04/22/2020,462,20,29,28,14,4
San Luis Obispo,04/22/2020,142,1,1,7,1,3
San Mateo,04/22/2020,945,39,50,17,15,2
Santa Barbara,04/22/2020,437,5,25,9,13,3
Santa Clara,04/22/2020,1969,94,137,39,68,9
Santa Cruz,04/22/2020,106,2,3,4,1,1
Shasta,04/22/2020,26,3,1,0,1,0
Sierra,04/22/2020,0,0,0,0,0,0
Siskiyou,04/22/2020,5,0,0,1,0,1
Solano,04/22/2020,195,3,10,18,2,2
Sonoma,04/22/2020,185,2,3,16,0,7
Stanislaus,04/22/2020,247,5,13,20,5,6
Sutter,04/22/2020,22,2,0,0,0,0
Tehama,04/22/2020,1,1,0,0,0,0
Trinity,04/22/2020,0,0,0,0,0,0
Tulare,04/22/2020,425,25,27,0,9,0
Tuolumne,04/22/2020,2,0,0,1,0,0
Unassigned,04/22/2020,3,0,0,0,0,0
Ventura,04/22/2020,465,14,27,30,8,9
Yolo,04/22/2020,147,12,4,0,1,0
Yuba,04/22/2020,15,1,0,0,0,0
Alameda,04/23/2020,1336,56,81,90,37,24
Alpine,04/23/2020,1,0,0,0,0,0
Amador,04/23/2020,8,0,0,1,0,0
Butte,04/23/2020,15,0,0,0,0,1
Calaveras,04/23/2020,12,0,0,1,0,1
Colusa,04/23/2020,3,0,1,0,1,0
Contra Costa,04/23/2020,786,23,31,51,13,13
Del Norte,04/23/2020,2,0,0,6,0,3
El Dorado,04/23/2020,39,0,0,8,0,1
Fresno,04/23/2020,426,7,39,39,16,4
Glenn,04/23/2020,3,0,0,0,0,0
Humboldt,04/23/2020,53,0,0,7,0,1
Imperial,04/23/2020,181,8,23,4,9,0
Inyo,04/23/2020,19,0,1,0,1,0
Kern,04/23/2020,732,4,30,11,16,1
Kings,04/23/2020,28,1,9,0,3,0
Lake,04/23/2020,6,0,0,1,0,0
Lassen,04/23/2020,0,0,0,0,0,0
Los Angeles,04/23/2020,17548,797,1863,595,600,118
Madera,04/23/2020,37,2,0,3,0,1
Marin,04/23/2020,209,11,3,14,2,4
Mariposa,04/23/2020,0,0,0,1,0,0
Mendocino,04/23/2020,5,0,0,1,0,1
Merced,04/23/2020,98,3,0,2,0,0
Modoc,04/23/2020,0,0,0,0,0,0
Mono,04/23/2020,23,1,0,0,0,0
Monterey,04/23/2020,161,4,6,6,4,1
Napa,04/23/2020,59,2,1,1,1,0
Nevada,04/23/2020,36,1,1,3,0,1
Orange,04/23/2020,1841,36,170,143,75,25
Placer,04/23/2020,136,8,4,21,1,1
Plumas,04/23/2020,4,0,0,0,0,0
Riverside,04/23/2020,2935,110,222,118,83,24
Sacramento,04/23/2020,978,41,48,40,17,7
San Benito,04/23/2020,43,2,0,0,0,0
San Bernardino,04/23/2020,1604,77,146,94,54,19
San Diego,04/23/2020,2645,112,253,65,105,12
San Francisco,04/23/2020,1312,21,75,29,31,6
San Joaquin,04/23/2020,479,22,31,34,15,6
San Luis Obispo,04/23/2020,146,1,1,4,1,1
San Mateo,04/23/2020,970,39,53,19,16,1
Santa Barbara,04/23/2020,445,5,24,16,13,4
Santa Clara,04/23/2020,1996,95,137,28,67,5
Santa Cruz,04/23/2020,110,2,3,3,1,0
Shasta,04/23/2020,27,3,1,0,1,0
Sierra,04/23/2020,0,0,0,0,0,0
Siskiyou,04/23/2020,5,0,0,1,0,1
Solano,04/23/2020,196,4,11,15,5,4
Sonoma,04/23/2020,187,2,3,17,0,5
Stanislaus,04/23/2020,254,5,14,17,6,2
Sutter,04/23/2020,24,2,0,0,0,0
Tehama,04/23/2020,1,1,0,0,0,0
Trinity,04/23/2020,0,0,0,0,0,0
Tulare,04/23/2020,440,25,30,1,11,0
Tuolumne,04/23/2020,2,0,0,0,0,0
Unassigned,04/23/2020,3,0,0,0,0,0
Ventura,04/23/2020,479,16,25,24,10,5
Yolo,04/23/2020,151,12,4,0,1,0
Yuba,04/23/2020,15,1,0,2,0,2
Alameda,04/24/2020,1385,56,79,63,39,10
Alpine,04/24/2020,1,0,0,0,0,0
Amador,04/24/2020,8,0,0,1,0,0
Butte,04/24/2020,15,0,0,4,0,3
Calaveras,04/24/2020,12,0,0,2,0,1
Colusa,04/24/2020,3,0,1,0,1,0
Contra Costa,04/24/2020,806,23,29,54,12,11
Del Norte,04/24/2020,2,0,0,4,0,0
El Dorado,04/24/2020,41,0,0,7,0,3
Fresno,04/24/2020,449,7,41,37,19,1
Glenn,04/24/2020,4,0,0,0,0,0
Humboldt,04/24/2020,53,0,1,4,0,1
Imperial,04/24/2020,232,8,24,10,8,1
Inyo,04/24/2020,20,1,1,3,1,0
Kern,04/24/2020,770,4,30,17,16,1
Kings,04/24/2020,30,1,9,0,2,0
Lake,04/24/2020,6,0,0,1,0,1
Lassen,04/24/2020,0,0,0,0,0,0
Los Angeles,04/24/2020,18553,848,1860,546,600,87
Madera,04/24/2020,39,2,0,4,0,0
Marin,04/24/2020,211,11,2,11,2,2
Mariposa,04/24/2020,0,0,0,0,0,0
Mendocino,04/24/2020,5,0,0,1,0,0
Merced,04/24/2020,102,3,0,5,0,1
Modoc,04/24/2020,0,0,0,0,0,0
Mono,04/24/2020,23,1,0,0,0,0
Monterey,04/24/2020,167,4,5,8,4,1
Napa,04/24/2020,59,2,1,0,1,0
Nevada,04/24/2020,36,1,1,4,0,2
Orange,04/24/2020,1945,39,175,138,68,24
Placer,04/24/2020,137,8,4,18,0,2
Plumas,04/24/2020,4,0,0,0,0,0
Riverside,04/24/2020,3044,118,223,120,82,26
Sacramento,04/24/2020,1009,41,53,37,17,11
San Benito,04/24/2020,45,2,0,0,0,0
San Bernardino,04/24/2020,1667,80,152,101,57,16
San Diego,04/24/2020,2828,119,257,78,107,13
San Francisco,04/24/2020,1345,22,75,19,30,5
San Joaquin,04/24/2020,484,24,29,20,12,4
San Luis Obispo,04/24/2020,151,1,1,8,1,5
San Mateo,04/24/2020,1004,43,49,16,16,4
Santa Barbara,04/24/2020,450,6,21,11,12,5
Santa Clara,04/24/2020,2026,98,129,34,60,5
Santa Cruz,04/24/2020,111,2,4,1,2,0
Shasta,04/24/2020,28,4,1,0,1,0
Sierra,04/24/2020,0,0,0,0,0,0
Siskiyou,04/24/2020,5,0,0,0,0,0
Solano,04/24/2020,203,4,10,16,4,3
Sonoma,04/24/2020,199,2,3,20,0,3
Stanislaus,04/24/2020,273,5,12,15,6,2
Sutter,04/24/2020,24,2,0,0,0,0
Tehama,04/24/2020,1,1,0,1,0,1
Trinity,04/24/2020,0,0,0,0,0,0
Tulare,04/24/2020,459,28,33,0,11,0
Tuolumne,04/24/2020,2,0,0,0,0,0
Unassigned,04/24/2020,2,0,0,0,0,0
Ventura,04/24/2020,489,16,24,63,6,3
Yolo,04/24/2020,155,13,4,0,1,0
Yuba,04/24/2020,15,1,0,2,0,2
Alameda,04/25/2020,1396,56,83,53,39,6
Alpine,04/25/2020,1,0,0,0,0,0
Amador,04/25/2020,8,0,0,1,0,1
Butte,04/25/2020,16,0,0,3,0,0
Calaveras,04/25/2020,12,0,0,1,0,0
Colusa,04/25/2020,3,0,1,1,1,1
Contra Costa,04/25/2020,821,25,25,53,10,6
Del Norte,04/25/2020,2,0,0,4,0,0
El Dorado,04/25/2020,41,0,1,7,0,2
Fresno,04/25/2020,459,7,41,45,19,2
Glenn,04/25/2020,4,0,0,0,0,0
Humboldt,04/25/2020,53,0,0,3,0,0
Imperial,04/25/2020,232,8,24,8,8,1
Inyo,04/25/2020,20,1,0,3,0,0
Kern,04/25/2020,802,4,29,18,22,3
Kings,04/25/2020,33,1,6,0,2,0
Lake,04/25/2020,6,0,0,2,0,0
Lassen,04/25/2020,0,0,0,0,0,0
Los Angeles,04/25/2020,19144,895,1845,572,579,99
Madera,04/25/2020,39,2,0,2,0,1
Marin,04/25/2020,215,12,2,13,2,3
Mariposa,04/25/2020,0,0,0,0,0,0
Mendocino,04/25/2020,5,0,0,0,0,0
Merced,04/25/2020,103,3,0,3,0,1
Modoc,04/25/2020,0,0,0,0,0,0
Mono,04/25/2020,23,1,0,0,0,0
Monterey,04/25/2020,173,4,5,9,3,0
Napa,04/25/2020,60,2,1,1,1,1
Nevada,04/25/2020,37,1,1,3,0,2
Orange,04/25/2020,2047,39,177,133,74,21
Placer,04/25/2020,137,8,4,30,0,3
Plumas,04/25/2020,4,0,0,0,0,0
Riverside,04/25/2020,3037,118,218,138,81,30
Sacramento,04/25/2020,1015,41,53,46,20,14
San Benito,04/25/2020,45,2,0,0,0,0
San Bernardino,04/25/2020,1675,82,147,101,53,14
San Diego,04/25/2020,2945,119,268,96,110,19
San Francisco,04/25/2020,1341,22,73,18,29,3
San Joaquin,04/25/2020,497,25,27,20,12,5
San Luis Obispo,04/25/2020,159,1,1,4,1,1
San Mateo,04/25/2020,1054,43,47,27,15,11
Santa Barbara,04/25/2020,457,7,23,12,16,4
Santa Clara,04/25/2020,2045,99,125,47,62,15
Santa Cruz,04/25/2020,112,2,4,4,2,3
Shasta,04/25/2020,29,4,1,0,1,0
Sierra,04/25/2020,0,0,0,0,0,0
Siskiyou,04/25/2020,5,0,0,1,0,0
Solano,04/25/2020,203,4,10,16,3,4
Sonoma,04/25/2020,199,2,3,9,0,0
Stanislaus,04/25/2020,276,5,21,23,5,1
Sutter,04/25/2020,24,2,0,0,0,0
Tehama,04/25/2020,1,1,0,1,0,1
Trinity,04/25/2020,0,0,0,0,0,0
Tulare,04/25/2020,478,32,26,0,7,0
Tuolumne,04/25/2020,2,0,0,0,0,0
Unassigned,04/25/2020,3,0,0,0,0,0
Ventura,04/25/2020,494,16,27,71,6,9
Yolo,04/25/2020,157,13,5,0,1,0
Yuba,04/25/2020,15,1,0,2,0,2
Alameda,04/26/2020,1449,56,84,43,42,5
Alpine,04/26/2020,1,0,0,0,0,0
Amador,04/26/2020,8,0,0,0,0,0
Butte,04/26/2020,16,0,0,0,0,0
Calaveras,04/26/2020,13,0,0,0,0,0
Colusa,04/26/2020,3,0,1,1,1,1
Contra Costa,04/26/2020,830,25,27,42,9,9
Del Norte,04/26/2020,3,0,0,2,0,1
El Dorado,04/26/2020,41,0,1,8,0,3
Fresno,04/26/2020,476,7,37,44,18,9
Glenn,04/26/2020,4,0,0,0,0,0
Humboldt,04/26/2020,53,0,0,0,0,0
Imperial,04/26/2020,272,8,26,12,8,2
Inyo,04/26/2020,20,1,0,0,0,0
Kern,04/26/2020,831,5,29,15,23,0
Kings,04/26/2020,33,1,9,0,2,0
Lake,04/26/2020,6,0,0,1,0,0
Lassen,04/26/2020,0,0,0,0,0,0
Los Angeles,04/26/2020,19570,913,1887,575,588,122
Madera,04/26/2020,39,2,0,1,0,0
Marin,04/26/2020,225,12,3,7,2,3
Mariposa,04/26/2020,0,0,0,0,0,0
Mendocino,04/26/2020,5,0,0,0,0,0
Merced,04/26/2020,104,3,0,4,0,2
Modoc,04/26/2020,0,0,0,0,0,0
Mono,04/26/2020,23,1,0,0,0,0
Monterey,04/26/2020,182,4,5,5,3,2
Napa,04/26/2020,62,2,1,0,1,0
Nevada,04/26/2020,37,1,1,2,0,2
Orange,04/26/2020,2124,40,180,109,73,23
Placer,04/26/2020,141,8,4,21,1,5
Plumas,04/26/2020,4,0,0,0,0,0
Riverside,04/26/2020,3301,131,215,152,75,35
Sacramento,04/26/2020,1027,41,48,40,16,6
San Benito,04/26/2020,45,2,0,0,0,0
San Bernardino,04/26/2020,1681,82,146,83,50,20
San Diego,04/26/2020,3045,123,273,90,114,21
San Francisco,04/26/2020,1403,23,79,21,31,3
San Joaquin,04/26/2020,514,25,24,19,9,4
San Luis Obispo,04/26/2020,165,1,1,3,1,2
San Mateo,04/26/2020,1070,46,53,10,18,2
Santa Barbara,04/26/2020,464,7,24,13,12,4
Santa Clara,04/26/2020,2097,102,118,64,60,17
Santa Cruz,04/26/2020,116,2,4,1,2,0
Shasta,04/26/2020,29,4,1,0,1,0
Sierra,04/26/2020,0,0,0,0,0,0
Siskiyou,04/26/2020,5,0,0,0,0,0
Solano,04/26/2020,205,4,8,14,3,1
Sonoma,04/26/2020,216,2,1,9,0,1
Stanislaus,04/26/2020,294,5,28,19,7,4
Sutter,04/26/2020,26,2,0,0,0,0
Tehama,04/26/2020,1,1,0,0,0,0
Trinity,04/26/2020,0,0,0,0,0,0
Tulare,04/26/2020,497,32,26,0,8,0
Tuolumne,04/26/2020,3,0,0,0,0,0
Unassigned,04/26/2020,3,0,0,0,0,0
Ventura,04/26/2020,509,17,27,73,6,3
Yolo,04/26/2020,158,13,1,1,1,1
Yuba,04/26/2020,15,1,0,2,0,1
